Ad Soyad,Yaş,Boy,Kilo,VKI,Sınıf
Zeynep G,22,170.0,54.0,0.0018685121107266437,Zayıf
Can M,23,187.0,76.0,0.0021733535417083703,Zayıf
